ngram,doc_freq,doc_freq_ratio,doc_freq_diff
be,9988,0.4994,0.0005999999999999894
is ,10025,0.50125,0.0012499999999999734
wa,9974,0.4987,0.0013000000000000234
om,9953,0.49765,0.0023500000000000187
 wi,9909,0.49545,0.0045499999999999985
at ,9901,0.49505,0.00495000000000001
co,10120,0.506,0.006000000000000005
el,9872,0.4936,0.006400000000000017
la,10131,0.50655,0.006549999999999945
ho,9812,0.4906,0.00940000000000002
ra,9727,0.48635,0.013649999999999995
ma,10278,0.5139,0.013900000000000023
on ,9711,0.48555,0.014450000000000018
li,10335,0.51675,0.016750000000000043
 n,9531,0.47655,0.023450000000000026
 to ,10581,0.52905,0.02905000000000002
 in ,10586,0.5293,0.029299999999999993
ur,9385,0.46925,0.03075
wi,10663,0.53315,0.03315000000000001
lo,9308,0.4654,0.03460000000000002
 g,10697,0.53485,0.03485000000000005
her,9297,0.46485,0.035150000000000015
un,9288,0.4644,0.03560000000000002
 e,9283,0.46415,0.03584999999999999
ce,9254,0.4627,0.0373
n t,9248,0.4624,0.03760000000000002
e s,9228,0.4614,0.03860000000000002
ch,9216,0.4608,0.03920000000000001
ta,9201,0.46005,0.039949999999999986
d t,9191,0.45955,0.040449999999999986
wh,9191,0.45955,0.040449999999999986
re ,9158,0.4579,0.042100000000000026
 ha,9152,0.4576,0.04239999999999999
ee,9147,0.45735,0.04265000000000002
l ,10938,0.5469,0.04690000000000005
si,9054,0.4527,0.04730000000000001
ri,10968,0.5484,0.0484
pe,8997,0.44985,0.05014999999999997
il,8978,0.4489,0.05109999999999998
ow,8961,0.44805,0.051949999999999996
 he,8927,0.44635,0.053649999999999975
et,8908,0.4454,0.05459999999999998
ac,8904,0.4452,0.054800000000000015
e t,8890,0.4445,0.055499999999999994
as ,8850,0.4425,0.057499999999999996
th ,8848,0.4424,0.057599999999999985
 be,8825,0.44125,0.058750000000000024
s a,8818,0.4409,0.059099999999999986
sh,8807,0.44035,0.05964999999999998
fo,8766,0.4383,0.06169999999999998
to ,11254,0.5627,0.06269999999999998
ut,8736,0.4368,0.06319999999999998
de,11278,0.5639,0.06389999999999996
ot,8699,0.43495,0.06505
 wa,8694,0.4347,0.06530000000000002
 r,11315,0.56575,0.06574999999999998
ti,11349,0.56745,0.06745000000000001
ca,8647,0.43235,0.06764999999999999
er ,11386,0.5693,0.06930000000000003
ai,8580,0.429,0.07100000000000001
ll,11432,0.5716,0.0716
 co,8538,0.4269,0.0731
we,8521,0.42605,0.07395000000000002
e a,8493,0.42465,0.07534999999999997
 wh,8462,0.4231,0.07690000000000002
di,8449,0.42245,0.07755000000000001
ad,8431,0.42155,0.07845000000000002
ith,8385,0.41925,0.08074999999999999
ly,8361,0.41805,0.08195000000000002
 of ,11654,0.5827,0.0827
of ,11713,0.58565,0.08565
nt,11719,0.58595,0.08594999999999997
ic,8271,0.41355,0.08645000000000003
in ,11734,0.5867,0.0867
me,11791,0.58955,0.08955000000000002
no,8187,0.40935,0.09065000000000001
wit,8157,0.40785,0.09215000000000001
ne,11855,0.59275,0.09275
 on,8124,0.4062,0.0938
with,8060,0.403,0.09699999999999998
", a",8052,0.4026,0.09739999999999999
us,8031,0.40155,0.09844999999999998
 wit,8023,0.40115,0.09885
oo,7985,0.39925,0.10075
 l,12023,0.60115,0.10114999999999996
 with,7969,0.39845,0.10154999999999997
en ,7932,0.3966,0.10339999999999999
 of,12073,0.60365,0.10365000000000002
 to,12080,0.604,0.10399999999999998
e w,7915,0.39575,0.10425000000000001
rs,7913,0.39565,0.10435
ve,12087,0.60435,0.10435000000000005
n th,7906,0.3953,0.10470000000000002
m ,7846,0.3923,0.10770000000000002
. ,12247,0.61235,0.11234999999999995
h ,12315,0.61575,0.11575000000000002
ith ,7680,0.384,0.11599999999999999
ge,7660,0.383,0.11699999999999999
of,12354,0.6177,0.11770000000000003
ro,12357,0.61785,0.11785000000000001
with ,7600,0.38,0.12
id,7586,0.3793,0.12069999999999997
tr,7503,0.37515,0.12485000000000002
se,12498,0.6249,0.12490000000000001
al,12520,0.626,0.126
so,7475,0.37375,0.12624999999999997
ere,7468,0.3734,0.1266
 st,7459,0.37295,0.12705
an ,7457,0.37285,0.12714999999999999
 fo,7363,0.36815,0.13185000000000002
n a,7352,0.3676,0.13240000000000002
for,7328,0.3664,0.1336
ir,7315,0.36575,0.13424999999999998
hat,7275,0.36375,0.13624999999999998
ld,7237,0.36185,0.13815
 d,12768,0.6384,0.13839999999999997
as,12771,0.63855,0.13854999999999995
or ,7226,0.3613,0.1387
ss,7186,0.3593,0.1407
es ,7168,0.3584,0.1416
gh,7168,0.3584,0.1416
d a,7167,0.35835,0.14165
ea,12838,0.6419,0.14190000000000003
t t,7158,0.3579,0.1421
ke,7138,0.3569,0.1431
n the,7123,0.35615,0.14384999999999998
ing ,12927,0.64635,0.14634999999999998
 re,7064,0.3532,0.14679999999999999
 in,12991,0.64955,0.14954999999999996
f ,13016,0.6508,0.15080000000000005
 ma,6983,0.34915,0.15084999999999998
ly ,6919,0.34595,0.15405000000000002
ol,6911,0.34555,0.15444999999999998
io,6884,0.3442,0.1558
e o,6873,0.34365,0.15635
 hi,6787,0.33935,0.16065000000000002
 p,13227,0.66135,0.16135
ter,6743,0.33715,0.16285
 a ,13288,0.6644,0.1644
le ,6699,0.33495,0.16504999999999997
ent,6699,0.33495,0.16504999999999997
wo,6679,0.33395,0.16604999999999998
im,6673,0.33365,0.16635
rt,6669,0.33345,0.16654999999999998
hat ,6657,0.33285,0.16715000000000002
k ,6649,0.33245,0.16754999999999998
tha,6630,0.3315,0.16849999999999998
ha,13372,0.6686,0.16859999999999997
ie,6603,0.33015,0.16985
s t,6598,0.3299,0.17009999999999997
all,6579,0.32895,0.17104999999999998
is,13453,0.67265,0.17264999999999997
his,6540,0.327,0.173
do,6532,0.3266,0.1734
ig,6482,0.3241,0.1759
le,13532,0.6766,0.17659999999999998
ul,6437,0.32185,0.17814999999999998
d th,6435,0.32175,0.17825000000000002
ck,6434,0.3217,0.17830000000000001
 sh,6431,0.32155,0.17845
mo,6413,0.32065,0.17935
", an",6391,0.31955,0.18045
es,13618,0.6809,0.18089999999999995
ns,6372,0.3186,0.1814
ll ,6360,0.318,0.182
ng ,13645,0.68225,0.18225000000000002
 tha,6338,0.3169,0.18309999999999998
 u,6284,0.3142,0.18580000000000002
o ,13726,0.6863,0.18630000000000002
te,13732,0.6866,0.1866
hi,13733,0.68665,0.18664999999999998
bl,6227,0.31135,0.18864999999999998
 and ,13778,0.6889,0.18889999999999996
e c,6220,0.311,0.189
e i,6215,0.31075,0.18924999999999997
e b,6209,0.31045,0.18955
mi,6194,0.3097,0.19030000000000002
", and",6194,0.3097,0.19030000000000002
"e,",6185,0.30925,0.19074999999999998
 we,6177,0.30885,0.19115
ther,6176,0.3088,0.19119999999999998
ay,6175,0.30875,0.19124999999999998
his ,6151,0.30755,0.19245
nc,6118,0.3059,0.1941
ver,6112,0.3056,0.19440000000000002
g ,13893,0.69465,0.19465
to,13896,0.6948,0.19479999999999997
 and,13896,0.6948,0.19479999999999997
that,6080,0.304,0.196
ut ,6039,0.30195,0.19805
ed ,13974,0.6987,0.1987
ec,6022,0.3011,0.19890000000000002
e.,6003,0.30015,0.19985000000000003
 ca,5985,0.29925,0.20074999999999998
am,5970,0.2985,0.2015
or,14049,0.70245,0.20245000000000002
pl,5923,0.29615,0.20384999999999998
 for,5896,0.2948,0.2052
pa,5884,0.2942,0.20579999999999998
 no,5872,0.2936,0.20639999999999997
 it,5868,0.2934,0.2066
 that,5865,0.29325,0.20675
he s,5845,0.29225,0.20775
st,14165,0.70825,0.20825000000000005
 m,14169,0.70845,0.20845000000000002
t a,5826,0.2913,0.2087
gr,5813,0.29065,0.20934999999999998
tt,5796,0.2898,0.2102
"e, ",5794,0.2897,0.2103
st ,5787,0.28935,0.21065
ion,5783,0.28915,0.21084999999999998
em,5763,0.28815,0.21184999999999998
 se,5736,0.2868,0.2132
sa,5715,0.28575,0.21425
bu,5714,0.2857,0.2143
e h,5709,0.28545,0.21455000000000002
 f,14292,0.7146,0.2146
ear,5699,0.28495,0.21505000000000002
that ,5635,0.28175,0.21825
ni,5631,0.28155,0.21844999999999998
and ,14370,0.7185,0.21850000000000003
ba,5595,0.27975,0.22025
po,5595,0.27975,0.22025
f t,5595,0.27975,0.22025
 y,5591,0.27955,0.22044999999999998
 is,5588,0.2794,0.22060000000000002
ar,14419,0.72095,0.22094999999999998
ing,14435,0.72175,0.22175
it ,5545,0.27725,0.22275
w ,5544,0.2772,0.2228
os,5521,0.27605,0.22394999999999998
su,5512,0.2756,0.2244
was,5506,0.2753,0.2247
a ,14520,0.726,0.22599999999999998
 was,5470,0.2735,0.22649999999999998
"s,",5460,0.273,0.22699999999999998
s.,5441,0.27205,0.22794999999999999
ts,5439,0.27195,0.22804999999999997
 on ,5439,0.27195,0.22804999999999997
oun,5416,0.2708,0.22920000000000001
ve ,5396,0.2698,0.23020000000000002
me ,5359,0.26795,0.23204999999999998
nt ,5353,0.26765,0.23235
ht,5315,0.26575,0.23425
pr,5313,0.26565,0.23435
d i,5303,0.26515,0.23485
 li,5275,0.26375,0.23625000000000002
i ,5273,0.26365,0.23635
was ,5265,0.26325,0.23675000000000002
ght,5259,0.26295,0.23704999999999998
e f,5258,0.2629,0.23709999999999998
 was ,5246,0.2623,0.23770000000000002
en,14771,0.73855,0.23855000000000004
thi,5227,0.26135,0.23864999999999997
 is ,5226,0.2613,0.23870000000000002
s o,5208,0.2604,0.23959999999999998
d the,5203,0.26015,0.23985
ou,14807,0.74035,0.24034999999999995
 so,5192,0.2596,0.2404
t th,5178,0.2589,0.24109999999999998
f th,5167,0.25835,0.24164999999999998
fi,5148,0.2574,0.24259999999999998
of t,5148,0.2574,0.24259999999999998
"s, ",5147,0.25735,0.24264999999999998
 of t,5137,0.25685,0.24314999999999998
 wo,5137,0.25685,0.24314999999999998
av,5134,0.2567,0.24330000000000002
fe,5134,0.2567,0.24330000000000002
bo,5120,0.256,0.244
in t,5120,0.256,0.244
fr,5096,0.2548,0.24519999999999997
ct,5082,0.2541,0.2459
her ,5062,0.2531,0.2469
und,4967,0.24835,0.25165000000000004
e m,4954,0.2477,0.25229999999999997
d b,4927,0.24635,0.25365
" """,4925,0.24625,0.25375000000000003
t i,4906,0.2453,0.25470000000000004
ag,4882,0.2441,0.2559
t o,4881,0.24405,0.25595
e th,4870,0.2435,0.2565
 c,15137,0.75685,0.25685
ev,4849,0.24245,0.25755
of th,4849,0.24245,0.25755
d s,4848,0.2424,0.2576
 he ,4843,0.24215,0.25785
d h,4840,0.242,0.258
ere ,4836,0.2418,0.2582
red,4825,0.24125,0.25875000000000004
one,4823,0.24115,0.25885
ed,15179,0.75895,0.25895
ed t,4820,0.241,0.259
and,15185,0.75925,0.25925
e p,4802,0.2401,0.2599
 ba,4797,0.23985,0.26015
nd t,4793,0.23965,0.26034999999999997
are,4792,0.2396,0.26039999999999996
ry,4790,0.2395,0.2605
 an,15221,0.76105,0.26105
nd ,15239,0.76195,0.26195
in th,4744,0.2372,0.26280000000000003
 ar,4740,0.237,0.263
igh,4738,0.2369,0.2631
yo,4738,0.2369,0.2631
 fr,4727,0.23635,0.26365
ap,4717,0.23585,0.26415
rou,4710,0.2355,0.2645
at,15294,0.7647,0.26470000000000005
 in t,4704,0.2352,0.26480000000000004
 h,15296,0.7648,0.26480000000000004
y ,15296,0.7648,0.26480000000000004
op,4703,0.23515,0.26485000000000003
ld ,4703,0.23515,0.26485000000000003
 do,4703,0.23515,0.26485000000000003
f the,4696,0.2348,0.2652
vi,4695,0.23475,0.26525
 bu,4695,0.23475,0.26525
the s,4690,0.2345,0.2655
 at,4684,0.2342,0.26580000000000004
man,4672,0.2336,0.26639999999999997
ad ,4669,0.23345,0.26655
 sa,4662,0.2331,0.2669
 the ,15343,0.76715,0.26715
 mo,4651,0.23255,0.26744999999999997
ce ,4636,0.2318,0.2682
tio,4632,0.2316,0.26839999999999997
rd,4630,0.2315,0.26849999999999996
 al,4621,0.23105,0.26895
 me,4612,0.2306,0.2694
sta,4609,0.23045,0.26955
it,15393,0.76965,0.26964999999999995
tion,4581,0.22905,0.27095
ne ,4575,0.22875,0.27125
ers,4566,0.2283,0.2717
whi,4565,0.22825,0.27175
", w",4565,0.22825,0.27175
ate,4555,0.22775,0.27225
tu,4531,0.22655,0.27344999999999997
 de,4524,0.2262,0.2738
s s,4523,0.22615,0.27385000000000004
 as,4523,0.22615,0.27385000000000004
s i,4522,0.2261,0.27390000000000003
 v,4519,0.22595,0.27405
""" ",4501,0.22505,0.27495
r t,4494,0.2247,0.2753
hin,4488,0.2244,0.2756
 lo,4484,0.2242,0.2758
t w,4480,0.224,0.276
out,4475,0.22375,0.27625
s w,4473,0.22365,0.27635
 su,4459,0.22295,0.27705
up,4431,0.22155,0.27845
ome,4427,0.22135,0.27865
ted,4419,0.22095,0.27905
p ,4417,0.22085,0.27915
 his,4410,0.2205,0.27949999999999997
"d,",4406,0.2203,0.2797
res,4383,0.21915,0.28085
for ,4383,0.21915,0.28085
 ho,4381,0.21905,0.28095000000000003
you,4379,0.21895,0.28105
na,4374,0.2187,0.2813
the ,15627,0.78135,0.28135
 whi,4371,0.21855,0.28145
rea,4368,0.2184,0.28159999999999996
cl,4367,0.21835,0.28165
se ,4362,0.2181,0.28190000000000004
ey,4358,0.2179,0.2821
d w,4344,0.2172,0.2828
e d,4338,0.2169,0.2831
ab,4326,0.2163,0.2837
here,4326,0.2163,0.2837
 pa,4319,0.21595,0.28405
ng,15690,0.7845,0.2845
 di,4304,0.2152,0.2848
 si,4275,0.21375,0.28625
iv,4273,0.21365,0.28635
 his ,4269,0.21345,0.28654999999999997
r ,15735,0.78675,0.28674999999999995
sp,4264,0.2132,0.2868
"d, ",4261,0.21305,0.28695000000000004
od,4260,0.213,0.28700000000000003
 for ,4258,0.2129,0.2871
d.,4242,0.2121,0.2879
g a,4238,0.2119,0.2881
not,4238,0.2119,0.2881
 gr,4234,0.2117,0.2883
ight,4229,0.21145,0.28855
 yo,4226,0.2113,0.2887
fa,4205,0.21025,0.28975
ain,4193,0.20965,0.29035
o t,4187,0.20935,0.29064999999999996
", t",4185,0.20925,0.29075
go,4177,0.20885,0.29115
ch ,4155,0.20775,0.29225
if,4151,0.20755,0.29245
ave,4140,0.207,0.29300000000000004
ng a,4139,0.20695,0.29305000000000003
t h,4138,0.2069,0.2931
h a,4136,0.2068,0.2932
tin,4134,0.2067,0.2933
r a,4130,0.2065,0.2935
 you,4127,0.20635,0.29364999999999997
t the,4124,0.2062,0.2938
on,15877,0.79385,0.29384999999999994
eve,4117,0.20585,0.29415
g t,4108,0.2054,0.2946
 pr,4100,0.205,0.29500000000000004
 i ,4093,0.20465,0.29535
ts ,4090,0.2045,0.2955
"t,",4084,0.2042,0.2958
he c,4071,0.20355,0.29645
t.,4067,0.20335,0.29664999999999997
ug,4061,0.20305,0.29695
ng t,4060,0.203,0.297
te ,4058,0.2029,0.29710000000000003
da,4047,0.20235,0.29764999999999997
and t,4041,0.20205,0.29795
ov,4023,0.20115,0.29885
he w,4018,0.2009,0.29910000000000003
ga,4016,0.2008,0.2992
ki,4013,0.20065,0.29935
ack,4006,0.2003,0.29969999999999997
. t,4004,0.2002,0.2998
d o,3996,0.1998,0.3002
nce,3996,0.1998,0.3002
n a ,3990,0.1995,0.3005
al ,3983,0.19915,0.30085
ot ,3962,0.1981,0.3019
n i,3955,0.19775,0.30225
 la,3950,0.1975,0.3025
e of,3950,0.1975,0.3025
", ",16060,0.803,0.30300000000000005
 it ,3937,0.19685,0.30315000000000003
ess,3924,0.1962,0.30379999999999996
s th,3920,0.196,0.304
red ,3919,0.19595,0.30405
 at ,3919,0.19595,0.30405
he b,3917,0.19585,0.30415000000000003
ing a,3915,0.19575,0.30425
e r,3911,0.19555,0.30445
's,3907,0.19535,0.30465
s an,3865,0.19325,0.30674999999999997
e l,3863,0.19315,0.30685
rin,3861,0.19305,0.30695
ound,3838,0.1919,0.30810000000000004
 k,3826,0.1913,0.3087
rr,3819,0.19095,0.30905
 b,16183,0.80915,0.30915000000000004
but,3814,0.1907,0.3093
ted ,3814,0.1907,0.3093
 the,16187,0.80935,0.30935
's ,3799,0.18995,0.31005
nd th,3790,0.1895,0.3105
"t, ",3786,0.1893,0.3107
e of ,3759,0.18795,0.31205
. th,3741,0.18705,0.31295
t s,3738,0.1869,0.3131
had,3738,0.1869,0.3131
tl,3731,0.18655,0.31345
 thi,3724,0.1862,0.31379999999999997
y a,3717,0.18585,0.31415000000000004
ing t,3706,0.1853,0.3147
ds,3699,0.18495,0.31505
om ,3689,0.18445,0.31555
 tr,3689,0.18445,0.31555
ati,3673,0.18365,0.31635
ove,3669,0.18345,0.31655
rn,3667,0.18335,0.31665
the b,3659,0.18295,0.31705
cr,3650,0.1825,0.3175
oth,3649,0.18245,0.31755
all ,3646,0.1823,0.3177
a s,3641,0.18205,0.31795
men,3637,0.18185,0.31815
rs ,3625,0.18125,0.31875
ow ,3617,0.18085,0.31915
est,3617,0.18085,0.31915
int,3616,0.1808,0.31920000000000004
br,3587,0.17935,0.32065
to t,3586,0.1793,0.3207
on t,3566,0.1783,0.3217
 fi,3566,0.1783,0.3217
y t,3561,0.17805,0.32194999999999996
she,3561,0.17805,0.32194999999999996
 her,3558,0.1779,0.3221
 fa,3558,0.1779,0.3221
pp,3549,0.17745,0.32255
lu,3542,0.1771,0.32289999999999996
nd a,3533,0.17665,0.32335
but ,3515,0.17575,0.32425000000000004
 had,3508,0.1754,0.3246
din,3493,0.17465,0.32535000000000003
ak,3491,0.17455,0.32545
he ,16509,0.82545,0.32545
 not,3489,0.17445,0.32555
d to,3488,0.1744,0.3256
e wa,3488,0.1744,0.3256
ry ,3488,0.1744,0.3256
ill,3485,0.17425,0.32575
 ch,3464,0.1732,0.3268
had ,3463,0.17315,0.32685
ye,3453,0.17265,0.32735000000000003
ind,3452,0.1726,0.3274
 had ,3439,0.17195,0.32805
. the,3436,0.1718,0.3282
ting,3435,0.17175,0.32825
 le,3429,0.17145,0.32855
ex,3425,0.17125,0.32875
 pe,3425,0.17125,0.32875
s h,3418,0.1709,0.3291
fro,3415,0.17075,0.32925
 as ,3414,0.1707,0.32930000000000004
r.,3404,0.1702,0.3298
 go,3392,0.1696,0.3304
in a,3384,0.1692,0.3308
ore,3380,0.169,0.33099999999999996
ell,3378,0.1689,0.3311
o th,3378,0.1689,0.3311
ide,3373,0.16865,0.33135000000000003
e. ,3369,0.16845,0.33155
con,3363,0.16815,0.33185
et ,3363,0.16815,0.33185
s and,3353,0.16765,0.33235000000000003
 sta,3350,0.1675,0.3325
here ,3350,0.1675,0.3325
ht ,3346,0.1673,0.3327
e to,3342,0.1671,0.3329
ble,3338,0.1669,0.3331
by,3337,0.16685,0.33315
ci,3337,0.16685,0.33315
s a ,3335,0.16675,0.33325
e in,3332,0.1666,0.33340000000000003
ght ,3330,0.1665,0.3335
ue,3329,0.16645,0.33355
een,3325,0.16625,0.33375
mp,3323,0.16615,0.33385
 fro,3323,0.16615,0.33385
ion ,3319,0.16595,0.33405
the c,3314,0.1657,0.33430000000000004
"n,",3310,0.1655,0.3345
pi,3310,0.1655,0.3345
eat,3296,0.1648,0.3352
com,3293,0.16465,0.33535000000000004
per,3290,0.1645,0.3355
ty,3278,0.1639,0.3361
our,3277,0.16385,0.33615
ia,3275,0.16375,0.33625
ay ,3274,0.1637,0.3363
ent ,3270,0.1635,0.3365
 ne,3265,0.16325,0.33675
ring,3262,0.1631,0.3369
hou,3260,0.163,0.33699999999999997
der,3256,0.1628,0.3372
ugh,3255,0.16275,0.33725
n h,3246,0.1623,0.3377
are ,3245,0.16225,0.33775
", th",3242,0.1621,0.3379
ite,3237,0.16185,0.33815
 a s,3234,0.1617,0.3383
one ,3233,0.16165,0.33835000000000004
ed a,3231,0.16155,0.33845000000000003
ei,3223,0.16115,0.33885
ep,3221,0.16105,0.33895
ive,3218,0.1609,0.3391
hen,3212,0.1606,0.33940000000000003
re,16788,0.8394,0.33940000000000003
ru,3209,0.16045,0.33955
e g,3208,0.1604,0.3396
han,3206,0.1603,0.3397
dr,3206,0.1603,0.3397
", s",3202,0.1601,0.3399
ef,3199,0.15995,0.34004999999999996
ter ,3196,0.1598,0.3402
 o,16808,0.8404,0.34040000000000004
"r,",3180,0.159,0.34099999999999997
n o,3179,0.15895,0.34104999999999996
ding,3178,0.1589,0.34109999999999996
th a,3177,0.15885,0.34115
 mi,3177,0.15885,0.34115
oul,3173,0.15865,0.34135
t of,3163,0.15815,0.34185
ree,3161,0.15805,0.34195
s. ,3160,0.158,0.34199999999999997
 ou,3157,0.15785,0.34215
"y,",3157,0.15785,0.34215
tur,3153,0.15765,0.34235
 are,3132,0.1566,0.34340000000000004
ine,3132,0.1566,0.34340000000000004
str,3130,0.1565,0.3435
 j,3125,0.15625,0.34375
h t,3124,0.1562,0.3438
e an,3118,0.1559,0.34409999999999996
be ,3117,0.15585,0.34415
nde,3110,0.1555,0.34450000000000003
nd,16890,0.8445,0.34450000000000003
by ,3108,0.1554,0.3446
r th,3108,0.1554,0.3446
"n, ",3100,0.155,0.345
ok,3094,0.1547,0.3453
u ,3082,0.1541,0.3459
", i",3082,0.1541,0.3459
ck ,3080,0.154,0.346
and a,3078,0.1539,0.34609999999999996
kin,3070,0.1535,0.34650000000000003
n w,3065,0.15325,0.34675
 po,3060,0.153,0.347
uld,3060,0.153,0.347
ave ,3058,0.1529,0.34709999999999996
rom,3053,0.15265,0.34735
 ro,3052,0.1526,0.3474
t of ,3052,0.1526,0.3474
".""",3052,0.1526,0.3474
not ,3052,0.1526,0.3474
ould,3049,0.15245,0.34755
on th,3048,0.1524,0.3476
 to t,3045,0.15225,0.34775
d to ,3041,0.15205,0.34795
 but,3036,0.1518,0.3482
 bo,3033,0.15165,0.34835
y.,3032,0.1516,0.3484
to th,3030,0.1515,0.34850000000000003
gi,3022,0.1511,0.3489
 in a,3022,0.1511,0.3489
ew,3012,0.1506,0.3494
 bl,3011,0.15055,0.34945000000000004
ls,3011,0.15055,0.34945000000000004
the,16998,0.8499,0.3499
wer,3001,0.15005,0.34995
sc,3000,0.15,0.35
uc,2993,0.14965,0.35035
rm,2991,0.14955,0.35045000000000004
e the,2990,0.1495,0.35050000000000003
n s,2974,0.1487,0.3513
"r, ",2972,0.1486,0.3514
he f,2970,0.1485,0.35150000000000003
"y, ",2969,0.14845,0.35155000000000003
ste,2965,0.14825,0.35175
ar ,2965,0.14825,0.35175
wn,2962,0.1481,0.3519
een ,2959,0.14795,0.35205
ss ,2959,0.14795,0.35205
 by,2958,0.1479,0.35209999999999997
him,2958,0.1479,0.35209999999999997
 be ,2957,0.14785,0.35214999999999996
 man,2951,0.14755,0.35245000000000004
he p,2951,0.14755,0.35245000000000004
out ,2946,0.1473,0.3527
 br,2944,0.1472,0.3528
ey ,2923,0.14615,0.35385
ui,2921,0.14605,0.35395
ou ,2913,0.14565,0.35435
n.,2908,0.1454,0.3546
d f,2905,0.14525,0.35475
ant,2904,0.1452,0.3548
pla,2903,0.14515,0.35485
lin,2902,0.1451,0.3549
s of,2899,0.14495,0.35505
man ,2897,0.14485,0.35514999999999997
thin,2893,0.14465,0.35535
 him,2890,0.1445,0.35550000000000004
ting ,2890,0.1445,0.35550000000000004
o the,2890,0.1445,0.35550000000000004
he m,2888,0.1444,0.3556
s f,2882,0.1441,0.3559
there,2881,0.14405,0.35595
a b,2880,0.144,0.356
ke ,2879,0.14395,0.35605
roun,2877,0.14385,0.35614999999999997
he h,2876,0.1438,0.35619999999999996
 but ,2876,0.1438,0.35619999999999996
h a ,2876,0.1438,0.35619999999999996
ith a,2876,0.1438,0.35619999999999996
ther ,2875,0.14375,0.35625
 by ,2875,0.14375,0.35625
round,2874,0.1437,0.3563
 da,2870,0.1435,0.35650000000000004
ring ,2862,0.1431,0.3569
you ,2861,0.14305,0.35695
 cl,2859,0.14295,0.35705
 i,17144,0.8572,0.35719999999999996
a c,2855,0.14275,0.35725
hav,2850,0.1425,0.35750000000000004
 fe,2850,0.1425,0.35750000000000004
 not ,2849,0.14245,0.35755000000000003
oc,2846,0.1423,0.3577
 un,2838,0.1419,0.3581
he t,2823,0.14115,0.35885
 con,2817,0.14085,0.35914999999999997
ous,2815,0.14075,0.35925
at t,2807,0.14035,0.35965
d a ,2807,0.14035,0.35965
e ha,2806,0.1403,0.3597
hing,2805,0.14025,0.35975
oug,2796,0.1398,0.36019999999999996
d in,2791,0.13955,0.36045
id ,2781,0.13905,0.36095
f a,2781,0.13905,0.36095
ame,2780,0.139,0.361
s of ,2776,0.1388,0.36119999999999997
s in,2775,0.13875,0.36124999999999996
ard,2774,0.1387,0.3613
 th,17229,0.86145,0.36145000000000005
". """,2770,0.1385,0.3615
ough,2768,0.1384,0.36160000000000003
own,2767,0.13835,0.36165
. i,2765,0.13825,0.36175
cu,2761,0.13805,0.36195
ding ,2761,0.13805,0.36195
ure,2760,0.138,0.362
 are ,2758,0.1379,0.3621
rk,2758,0.1379,0.3621
ff,2753,0.13765,0.36235
e e,2745,0.13725,0.36275
ft,2724,0.1362,0.3638
 hav,2723,0.13615,0.36385
old,2720,0.136,0.364
 pl,2719,0.13595,0.36405
ge ,2715,0.13575,0.36424999999999996
ect,2715,0.13575,0.36424999999999996
tra,2711,0.13555,0.36445
nte,2705,0.13525,0.36475
the p,2691,0.13455,0.36545
qu,2682,0.1341,0.3659
r s,2681,0.13405,0.36595
s b,2678,0.1339,0.3661
 ta,2676,0.1338,0.36619999999999997
tan,2675,0.13375,0.36624999999999996
uld ,2670,0.1335,0.3665
the f,2665,0.13325,0.36675
ould ,2664,0.1332,0.3668
d. ,2664,0.1332,0.3668
ned,2663,0.13315,0.36685
d m,2661,0.13305,0.36695
from,2661,0.13305,0.36695
 com,2652,0.1326,0.3674
othe,2646,0.1323,0.3677
e n,2643,0.13215,0.36785
nd s,2642,0.1321,0.3679
de ,2641,0.13205,0.36795
whe,2640,0.132,0.368
 on t,2638,0.1319,0.3681
art,2638,0.1319,0.3681
ist,2637,0.13185,0.36815
lea,2637,0.13185,0.36815
rom ,2637,0.13185,0.36815
ast,2637,0.13185,0.36815
s c,2636,0.1318,0.36819999999999997
from ,2633,0.13165,0.36835
hen ,2633,0.13165,0.36835
 you ,2633,0.13165,0.36835
 she,2630,0.1315,0.3685
sho,2626,0.1313,0.3687
a m,2625,0.13125,0.36875
e co,2624,0.1312,0.3688
au,2618,0.1309,0.3691
 from,2617,0.13085,0.36915
tion ,2617,0.13085,0.36915
 sp,2617,0.13085,0.36915
king,2614,0.1307,0.36929999999999996
have,2611,0.13055,0.36945
bac,2610,0.1305,0.3695
tte,2603,0.13015,0.36985
gro,2599,0.12995,0.37005
at th,2589,0.12945,0.37055
s the,2588,0.1294,0.37060000000000004
 up,2586,0.1293,0.37070000000000003
cou,2577,0.12885,0.37115
g th,2574,0.1287,0.37129999999999996
 or,2574,0.1287,0.37129999999999996
this,2573,0.12865,0.37135
back,2571,0.12855,0.37145
um,2568,0.1284,0.37160000000000004
n',2560,0.128,0.372
 out,2559,0.12795,0.37205
he r,2559,0.12795,0.37205
 a b,2557,0.12785,0.37215
ng th,2554,0.1277,0.37229999999999996
atio,2545,0.12725,0.37275
nd i,2544,0.1272,0.3728
 bac,2541,0.12705,0.37295
my,2539,0.12695,0.37305
he l,2539,0.12695,0.37305
ed th,2534,0.1267,0.37329999999999997
ds ,2534,0.1267,0.37329999999999997
other,2532,0.1266,0.3734
 have,2531,0.12655,0.37345
ation,2531,0.12655,0.37345
", b",2529,0.12645,0.37355
ed to,2527,0.12635,0.37365000000000004
 back,2526,0.1263,0.37370000000000003
th a ,2524,0.1262,0.3738
er,17479,0.87395,0.37395
ari,2519,0.12595,0.37405
hr,2517,0.12585,0.37415
d c,2511,0.12555,0.37445
",""",2511,0.12555,0.37445
the m,2508,0.1254,0.3746
e to ,2506,0.1253,0.37470000000000003
he d,2502,0.1251,0.3749
ever,2497,0.12485,0.37515
ead,2496,0.1248,0.3752
in a ,2492,0.1246,0.3754
 a c,2487,0.12435,0.37565
have ,2481,0.12405,0.37595
ple,2478,0.1239,0.3761
fu,2477,0.12385,0.37615
fl,2476,0.1238,0.3762
ight ,2471,0.12355,0.37645
she ,2471,0.12355,0.37645
y s,2471,0.12355,0.37645
now,2468,0.1234,0.3766
 sho,2466,0.1233,0.3767
ver ,2461,0.12305,0.37695
 ther,2461,0.12305,0.37695
s to,2460,0.123,0.377
ran,2457,0.12285,0.37715
sti,2450,0.1225,0.3775
 her ,2446,0.1223,0.3777
h th,2442,0.1221,0.3779
 te,2441,0.12205,0.37795
as a,2436,0.1218,0.3782
ace,2435,0.12175,0.37825
sed,2432,0.1216,0.3784
er t,2430,0.1215,0.3785
ons,2425,0.12125,0.37875000000000003
", the",2424,0.1212,0.3788
tw,2419,0.12095,0.37905
ort,2414,0.1207,0.37929999999999997
r h,2413,0.12065,0.37935
 ex,2409,0.12045,0.37955
pro,2407,0.12035,0.37965
the w,2407,0.12035,0.37965
ny,2402,0.1201,0.3799
ns ,2402,0.1201,0.3799
ed i,2399,0.11995,0.38005
t ,17601,0.88005,0.38005
t. ,2398,0.1199,0.3801
and s,2396,0.1198,0.3802
end,2395,0.11975,0.38025
ome ,2392,0.1196,0.3804
mu,2392,0.1196,0.3804
aid,2392,0.1196,0.3804
this ,2392,0.1196,0.3804
 all,2385,0.11925,0.38075000000000003
 en,2383,0.11915,0.38085
ood,2376,0.1188,0.3812
e and,2375,0.11875,0.38125
ook,2374,0.1187,0.3813
low,2366,0.1183,0.3817
y o,2364,0.1182,0.38180000000000003
y w,2361,0.11805,0.38195
a p,2358,0.1179,0.3821
tho,2354,0.1177,0.3823
 int,2354,0.1177,0.3823
t b,2353,0.11765,0.38234999999999997
the t,2344,0.1172,0.38280000000000003
of a,2343,0.11715,0.38285
hea,2336,0.1168,0.3832
 an ,2336,0.1168,0.3832
s p,2332,0.1166,0.3834
 w,17672,0.8836,0.38360000000000005
 cou,2327,0.11635,0.38365
ir ,2327,0.11635,0.38365
nk,2326,0.1163,0.3837
a w,2323,0.11615,0.38385
o h,2319,0.11595,0.38405
","" ",2318,0.1159,0.3841
che,2318,0.1159,0.3841
 of a,2317,0.11585,0.38415
on a,2315,0.11575,0.38425
led,2315,0.11575,0.38425
ned ,2310,0.1155,0.3845
gre,2308,0.1154,0.3846
nce ,2305,0.11525,0.38475
rie,2303,0.11515,0.38485
ile,2301,0.11505,0.38495
up ,2301,0.11505,0.38495
ed b,2299,0.11495,0.38505
hey,2292,0.1146,0.3854
wn ,2291,0.11455,0.38545
stan,2289,0.11445,0.38555
som,2286,0.1143,0.3857
 she ,2283,0.11415,0.38585
rl,2282,0.1141,0.3859
e st,2282,0.1141,0.3859
ass,2280,0.114,0.386
e ba,2278,0.1139,0.3861
nd h,2278,0.1139,0.3861
ust,2271,0.11355,0.38645
r o,2269,0.11345,0.38655
they,2269,0.11345,0.38655
 one,2268,0.1134,0.3866
ath,2267,0.11335,0.38665
o b,2260,0.113,0.387
 pla,2260,0.113,0.387
king ,2260,0.113,0.387
 this,2260,0.113,0.387
ment,2257,0.11285,0.38715
loo,2257,0.11285,0.38715
ose,2255,0.11275,0.38725
oi,2249,0.11245,0.38755
ite ,2249,0.11245,0.38755
 whe,2247,0.11235,0.38765
use,2246,0.1123,0.3877
t m,2246,0.1123,0.3877
grou,2245,0.11225,0.38775
par,2243,0.11215,0.38785000000000003
age,2243,0.11215,0.38785000000000003
over,2234,0.1117,0.3883
und ,2234,0.1117,0.3883
us ,2230,0.1115,0.3885
some,2226,0.1113,0.3887
app,2221,0.11105,0.38895
gl,2218,0.1109,0.3891
g o,2218,0.1109,0.3891
r w,2216,0.1108,0.3892
r i,2213,0.11065,0.38935
o s,2211,0.11055,0.38945
r the,2208,0.1104,0.3896
d n,2208,0.1104,0.3896
bi,2206,0.1103,0.3897
ty ,2206,0.1103,0.3897
 str,2205,0.11025,0.38975
ound ,2203,0.11015,0.38985000000000003
 dr,2201,0.11005,0.38995
ud,2200,0.11,0.39
lit,2199,0.10995,0.39005
af,2198,0.1099,0.3901
 ti,2197,0.10985,0.39015
"er,",2196,0.1098,0.3902
pre,2196,0.1098,0.3902
my ,2196,0.1098,0.3902
aw,2195,0.10975,0.39025
min,2194,0.1097,0.3903
e in ,2193,0.10965,0.39035
a l,2187,0.10935,0.39065
ake,2184,0.1092,0.3908
g a ,2181,0.10905,0.39095
lac,2180,0.109,0.391
sk,2180,0.109,0.391
hil,2177,0.10885,0.39115
wor,2176,0.1088,0.3912
were,2175,0.10875,0.39125
hey ,2173,0.10865,0.39135
ng a ,2173,0.10865,0.39135
e wi,2172,0.1086,0.39139999999999997
ins,2172,0.1086,0.39139999999999997
they ,2169,0.10845,0.39155
", wh",2169,0.10845,0.39155
hic,2169,0.10845,0.39155
t to,2168,0.1084,0.3916
d in ,2167,0.10835,0.39165
e was,2163,0.10815,0.39185000000000003
es a,2158,0.1079,0.3921
the r,2155,0.10775,0.39225
s m,2154,0.1077,0.3923
the l,2154,0.1077,0.3923
ng o,2153,0.10765,0.39235
ded,2153,0.10765,0.39235
own ,2152,0.1076,0.39239999999999997
h the,2150,0.1075,0.3925
s in ,2149,0.10745,0.39255
anc,2148,0.1074,0.3926
so ,2148,0.1074,0.3926
tre,2145,0.10725,0.39275
 my,2142,0.1071,0.3929
ur ,2142,0.1071,0.3929
nn,2137,0.10685,0.39315
sai,2132,0.1066,0.39339999999999997
r. ,2130,0.1065,0.3935
 ev,2126,0.1063,0.3937
ble ,2117,0.10585,0.39415
sed ,2115,0.10575,0.39425
cha,2112,0.1056,0.3944
ong,2109,0.10545,0.39455
rt ,2107,0.10535,0.39465
t an,2106,0.1053,0.3947
see,2106,0.1053,0.3947
ers ,2105,0.10525,0.39475
les,2105,0.10525,0.39475
thr,2104,0.1052,0.3948
er a,2104,0.1052,0.3948
 ri,2102,0.1051,0.39490000000000003
d an,2100,0.105,0.395
 sai,2095,0.10475,0.39525
ten,2094,0.1047,0.3953
s to ,2090,0.1045,0.3955
; ,2089,0.10445,0.39555
o a,2087,0.10435,0.39565
ich,2085,0.10425,0.39575
 pro,2076,0.1038,0.3962
a g,2075,0.10375,0.39625
nd w,2074,0.1037,0.3963
ing o,2069,0.10345,0.39655
va,2068,0.1034,0.3966
rd ,2067,0.10335,0.39665
sin,2067,0.10335,0.39665
 cr,2064,0.1032,0.3968
"er, ",2063,0.10315,0.39685
